{
    "loss": 1.2758015394210815,
    "accuracy": 0.8866666555404663
}