{
    "loss": 0.785395622253418,
    "accuracy": 0.8899999856948853
}