{
    "loss": 1.243036150932312,
    "accuracy": 0.8799999952316284
}