{
    "loss": 1.0004667043685913,
    "accuracy": 0.8899999856948853
}